sent1qq2j2hfwy0nepnlvttvnzywff95u5v7heu0akr,6328187udvpn
sent1qgafelvj73xmzdl9xgv7a2u4v5w6m8ycj4kk7r,29741udvpn
sent1q22yew2dygecjal4l5tvhnywvtmpwmuv92vwsg,31145udvpn
sent1qdqpcnn27cxndwr3z7h2m3h7g65zu7fn4vag7p,10540276udvpn
sent1qd5cvs4tel4a5zzgq2qgsmvyfzp7ytpx3fhzfs,60070udvpn
sent1q3tdn7ae2lkejtd38sw3vgwz2nnq9tmtv5f0pr,249300udvpn
sent1p2ja3zkzwgs9jf6ev5qjkv89nx0msjmul78t6v,26000000udvpn
sent1phjay9jyx7wty20qpts2t78eqq22dvaqfczah4,60000000udvpn
sent1zfagfyvhhkd6zqknxwxy6322rayz70zgvfss84,18856175udvpn
sent1zdx5xzs79tmv6vu2x3684l5q3jym8k67upaam4,7000000udvpn
sent1zntvu5zj9ur72ac9lhnynsag79zjaurqc2nqw7,20000udvpn
sent1zn37hzayk4jsrlhhcz2yen0nf5u78wpq77hdxn,10114461udvpn
sent1yzschqdqeyl0ucwllat89ztr4agqthf0u08nqj,1790415udvpn
sent1y5ny4xt3afkdmcwa42j3c36f39547th80ncdzu,500749udvpn
sent1y4e53uwpevedz9qjfvw7x0qndp72u54zfknef7,2000udvpn
sent1yhxvdk4a57ehg662f9kr72x6q6rd9hzgdzvaar,14502375udvpn
sent19fc22a6lqq5m37tsynt6jypt0e76r0j8jk5735,1000000udvpn
sent19hyjtyc8z06tf0pj67q63z955c57fq0d6fhjwu,35udvpn
sent19hjn8ltwknkhxlvex7mrnvpyqr9f3wuf2tdzfx,2465000udvpn
sent1xcqt9tu9q9jzculqrryzp3v472336vlfu509j6,500000udvpn
sent18rfdktgpxeepy52n57zmu64y6wz0pxqy9zjv38,316341udvpn
sent1gr8pf9p0r4ncy5ql9e966h5nulc8wfqkjueez2,4400udvpn
sent1fyz86xe400hjg2ur9c4j2rk65pz6et8245wwm2,40000udvpn
sent1f3latzuk0qhmpkmp37v4uhurmpu7wnv8aawwvs,5090812udvpn
sent1f44ackqlt03ud4064sq7apuhtqlllv2hxhsr90,5081600udvpn
sent122vnheqyh9jalg32q43r5gpykgvp9r4w508w9l,425800udvpn
sent12kg9uwug8g7v6ag00vynwdls5xa7f9x5f7p7ua,29802udvpn
sent12uk22nzee0hgahzttujcdce78ax627asu4w30d,159980udvpn
sent127hgjjrst9mngejd4l4wprnnppwl6e22pu8c00,2501538udvpn
sent1trntuey8a4qdwjjff7eccwqrc0ufymjjaa8zkw,3000udvpn
sent1tr4wrydnh3fugxyn23l8zd5tw46wu2vwv8p9em,39272408udvpn
sent1vqfcl8mx9fkunwse5f3ydqqkr60xz9gpn5yqu0,77579udvpn
sent1vx0z6c7r2qaa66enxq9qvlkw45fqvqy8033728,1553udvpn
sent1v8nlml5tg8hamfma7w2fewzx6m4w3a9wd3rpyk,8606793udvpn
sent1v8kxgsxjy8wve70kfcl576l86g70eegured4p4,41738563udvpn
sent1vv8kmwrs24j5emzw8dp7k8satgea62l7knegd7,20000000000udvpn
sent1vves4sed9ycagqsf0923t040cst5wwzmqlm9t7,300212udvpn
sent1vsatnew9hrafm4rnhukuchgr0vx80ag7ckzahx,3203029udvpn
sent1vjn838z923hgaws0nuqwjzynhgrzn9rrdcg35r,200udvpn
sent1vnlhfv6pn3s95vt794avgg5zsz4jegc9qvzjlp,30000000udvpn
sent1vkunguxa9ek7zfndlztv55xhgagx2246wxmjjp,5035059udvpn
sent1ds3plgm70aqe745e35c5g45cxl34v75w8d6tlg,9469000udvpn
sent1ducuucpmwgtglfhs4eh8pre8qracg282wuwg2w,2000udvpn
sent1w9fe863z9kaqmessfujrpusn794np65e8efupq,5197510udvpn
sent1w6ha70ghjp4rg57cvtws6k5jnz8t85a0pp8nj8,102976663udvpn
sent1sywqmssxxgvw5544effpqw6mn9xzdn3cn2xu5n,20412800udvpn
sent1sn2uxltnx5u028tq7l72llen9nfxe6mutfl48u,10747946udvpn
sent1snluccd793r4t0sj85k3gjtz4w7we0ajzp92s6,10538100udvpn
sent1sew77pwgd5ygh3qn7xk44f4qg4nm9hnlswwegp,613044udvpn
sent13ym9xeznvcpwyr9ytte3cf433zdkygq86nkh0v,1419623udvpn
sent13f7jk6dqz7hsthhvxy0jhfyhv4zjfef7svc4lp,10000000000udvpn
sent13er3dyaq6pyufu47rxh62sjwp2wljed47w66et,6000000udvpn
sent1jgsskpq4hng3ykjp64ywxqcp4kwke5a849hmkx,2551852udvpn
sent1n35de3qa3nvptxva5m0j6qucrjq0jnwadyk7hv,2077827udvpn
sent1nu5jfcwjcwaqxea9m56w2gwnyaugenylv89x73,5788udvpn
sent15wzj7edujhtkquln8hmm6956lv94nuda79zml2,117622udvpn
sent15h3p95vkna5v3ptausfzhd6jz7m3syyn0788xw,550000udvpn
sent15u2qlg4yqc0ek8vu7gmv7d65gusgxh5w6tmjvg,48800udvpn
sent14hjx20jl64d8mh92ln07dn5s57vqu5pq8j4ghy,35067934udvpn
sent1k0p0wu5phu9u9t58prddp2ms7euujnj4dtl9ht,321927791udvpn
sent1knv8uaj7rvpzrxz9zm299nna2szh4xg3ac6guk,7148597udvpn
sent1hd4fq8z6tzw4xs9w3jpjz7cgffgvuy43jwcvux,467828udvpn
sent1cr9c24w9uqw7pxggxu692s2nck2pqpp5mn570n,500000udvpn
sent1c9z7jfdm5w0h9shm693y9y5tmprusr649k0clz,79410udvpn
sent1cswdjf6yjkknx9wc846z6sn8l7xjrad9f86f7c,10000000udvpn
sent1c7xzew7v3wv8wg30267t9qp58qas5tehljm2u4,149900udvpn
sent1c7tqfasq8smglwxzh8yaqs6zu43dh3vl7paajw,20udvpn
sent1e2u8lgv98z4uwp5qs8jye9ahtcnkr9pde9dydk,829813udvpn
sent1e30lp5tlmaaflv09d6a53nzn6keweweyhgsnrv,12784019udvpn
sent1e4qmxzlxnwmr3p6xdm4xesr2e6wq764d6xxz3c,23381000udvpn
sent16tq0vcl5t9gep0sak7evex32xdqheaxke2c7u5,20000udvpn
sent16vhx2d7j0ktur0fg8ende4ek5k0ycusgnptn70,2532503udvpn
sent16w45htju623a8shnmvy8tgpx3zl2gnng9ws8wl,3330399udvpn
sent16729jw0u5pe3dtksu3kg5624s5p0u2n03jqmza,923777086udvpn
sent1mymhusajctajv7dr30a7q0tsxr8ll0jpz9lwkh,1827930udvpn
sent1mvk8603ksv5spt9epgruemcqdh3qruze2k996a,3356223udvpn
sent1mvccc0xt6g8lm5stldfzmjfdg4vhq9rdk0gqv5,1000udvpn
sent1md9zaw7gpnrfl2swql6hjvgttjuf6cvkc3tttf,20000udvpn
sent1m0vd0v406lc2p9n00xkpxd9fl27kdkhgzjw8sr,1000000udvpn
sent1m5rxwe4adafkm2ne3wj7fl5jrmcry2yxx79txq,7518547udvpn
sent1m6ey4dvk8j520pwfr4d573cqdqcfyhak33edfl,117232udvpn
sent1ujhrkt8gl7fqfplmg3w3p7y39grm6n875k3nrz,211311500udvpn
sent1uhgc9m48waduhn7gx8pskc5u8vdp8lzakx3ur9,1502268udvpn
sent1a86h502rpxlns52z987wj337zvyenjszmhhav5,4609904udvpn
sent1a5ps8qwvvy2ejzvy80uz03q06ughcyqey9jl0e,11300000udvpn
sent1aus5nuynfjr9xq4d9rrgnhhy8mma5mgrcmkk3m,33528360udvpn
sent17x74ypskasrt5ul652ansu8arsfzn6q5lsqvj3,6003355udvpn
sent17wgeds2f22ksrnf8egly7rqxa63jmx3azpdksy,202619527udvpn
sent174a73zuf3v3h96xfsmvcxyfzqehem60supxlgs,63440700udvpn
sent17um7sz9ap29vtkn0xz8ll38qcq8jhruf9ht277,4503942udvpn
sent1l236pmnwe5q9fmxfdlah5f9j3y3lxy92htdc4t,485393udvpn
